[{"colour":"red","number":1,"time":[2014,4,15,16,3,51]},{"colour":"green","number":2,"time":[2014,4,15,16,4,18]},{"colour":"green","number":3,"time":[2014,4,15,16,5,36]},{"colour":"amber","number":4,"time":[2014,4,15,16,8,3]},{"colour":"red","number":5,"time":[2014,4,15,16,9,11]},{"colour":"green","number":6,"time":[2014,4,15,16,9,52]},{"colour":"green","number":7,"time":[2014,4,15,16,10,10]},{"colour":"green","number":8,"time":[2014,4,15,16,10,27]},{"colour":"red","number":9,"time":[2014,4,15,16,13,26]},{"colour":"amber","number":10,"time":[2014,4,15,16,16,55]},{"colour":"green","number":11,"time":[2014,4,15,16,17,24]},{"colour":"red","number":12,"time":[2014,4,15,16,19,43]},{"colour":"green","number":13,"time":[2014,4,15,16,21,41]},{"colour":"green","number":14,"time":[2014,4,15,16,23,59]},{"colour":"green","number":15,"time":[2014,4,15,16,26,30]},{"colour":"amber","number":16,"time":[2014,4,15,16,27,12]},{"colour":"green","number":17,"time":[2014,4,15,16,27,37]},{"colour":"green","number":18,"time":[2014,4,15,16,29,3]},{"colour":"green","number":19,"time":[2014,4,15,16,30,23]},{"colour":"green","number":20,"time":[2014,4,15,16,31,11]},{"colour":"amber","number":21,"time":[2014,4,15,16,33,41]},{"colour":"amber","number":22,"time":[2014,4,15,16,34,11]},{"colour":"green","number":23,"time":[2014,4,15,16,34,35]},{"colour":"green","number":24,"time":[2014,4,15,16,36,11]},{"colour":"green","number":25,"time":[2014,4,15,16,37,7]},{"colour":"green","number":26,"time":[2014,4,15,16,37,31]},{"colour":"amber","number":27,"time":[2014,4,15,16,39,11]},{"colour":"green","number":28,"time":[2014,4,15,16,39,37]},{"colour":"green","number":29,"time":[2014,4,15,16,40,24]},{"colour":"red","number":30,"time":[2014,4,15,16,41,45]},{"colour":"green","number":31,"time":[2014,4,15,16,42,31]},{"colour":"amber","number":32,"time":[2014,4,15,16,43,34]},{"colour":"red","number":33,"time":[2014,4,15,16,43,53]},{"colour":"green","number":34,"time":[2014,4,15,16,44,32]},{"colour":"green","number":35,"time":[2014,4,15,16,44,54]},{"colour":"green","number":36,"time":[2014,4,15,16,45,37]},{"colour":"green","number":37,"time":[2014,4,15,16,47,8]},{"colour":"green","number":38,"time":[2014,4,15,16,48,18]},{"colour":"green","number":39,"time":[2014,4,15,16,51,37]},{"colour":"red","number":40,"time":[2014,4,15,16,52,28]},{"colour":"amber","number":41,"time":[2014,4,15,16,53,30]},{"colour":"red","number":42,"time":[2014,4,15,16,53,50]},{"colour":"green","number":43,"time":[2014,4,15,16,54,56]},{"colour":"green","number":44,"time":[2014,4,15,16,55,39]},{"colour":"green","number":45,"time":[2014,4,15,16,56,32]},{"colour":"amber","number":46,"time":[2014,4,15,16,57,55]},{"colour":"amber","number":47,"time":[2014,4,15,16,58,9]},{"colour":"red","number":48,"time":[2014,4,15,16,58,20]},{"colour":"amber","number":49,"time":[2014,4,15,16,58,59]},{"colour":"amber","number":50,"time":[2014,4,15,17,0,38]},{"colour":"amber","number":51,"time":[2014,4,15,17,9,34]},{"colour":"green","number":52,"time":[2014,4,15,17,9,54]},{"colour":"green","number":53,"time":[2014,4,15,17,11,19]},{"colour":"amber","number":54,"time":[2014,4,15,17,13,55]},{"colour":"red","number":55,"time":[2014,4,15,17,14,35]},{"colour":"amber","number":56,"time":[2014,4,15,17,15,10]},{"colour":"red","number":57,"time":[2014,4,15,17,15,33]},{"colour":"amber","number":58,"time":[2014,4,15,17,16,20]},{"colour":"red","number":59,"time":[2014,4,15,17,16,59]},{"colour":"green","number":60,"time":[2014,4,15,17,17,13]},{"colour":"amber","number":61,"time":[2014,4,15,17,19,48]},{"colour":"amber","number":62,"time":[2014,4,15,17,20,16]},{"colour":"amber","number":63,"time":[2014,4,15,17,21,29]},{"colour":"red","number":64,"time":[2014,4,15,17,21,50]},{"colour":"red","number":65,"time":[2014,4,15,17,22,32]},{"colour":"green","number":66,"time":[2014,4,15,17,23,1]},{"colour":"red","number":67,"time":[2014,4,15,17,24,26]},{"colour":"red","number":68,"time":[2014,4,15,17,25,1]},{"colour":"green","number":69,"time":[2014,4,15,17,25,36]}]