[{"colour":"red","number":1,"time":[2014,5,2,15,56,56]},{"colour":"amber","number":2,"time":[2014,5,2,15,59,10]},{"colour":"amber","number":3,"time":[2014,5,2,15,59,28]},{"colour":"amber","number":4,"time":[2014,5,2,15,59,41]},{"colour":"amber","number":5,"time":[2014,5,2,16,25,32]},{"colour":"red","number":6,"time":[2014,5,2,16,27,13]},{"colour":"amber","number":7,"time":[2014,5,2,16,30,19]},{"colour":"green","number":8,"time":[2014,5,2,16,31,12]},{"colour":"amber","number":9,"time":[2014,5,2,16,46,56]},{"colour":"amber","number":10,"time":[2014,5,2,16,48,11]},{"colour":"amber","number":11,"time":[2014,5,2,16,51,8]},{"colour":"amber","number":12,"time":[2014,5,2,16,51,59]},{"colour":"amber","number":13,"time":[2014,5,2,16,52,17]},{"colour":"amber","number":14,"time":[2014,5,2,16,54,38]},{"colour":"amber","number":15,"time":[2014,5,2,16,55,2]},{"colour":"amber","number":16,"time":[2014,5,2,16,55,43]}]