[{"colour":"red","time":[2014,7,15,10,11,50],"number":1},{"colour":"amber","time":[2014,7,15,10,18,37],"number":2},{"colour":"amber","time":[2014,7,15,10,19,27],"number":3},{"colour":"amber","time":[2014,7,15,10,20,0],"number":4},{"colour":"amber","time":[2014,7,15,10,20,50],"number":5},{"colour":"amber","time":[2014,7,15,10,21,24],"number":6},{"colour":"amber","time":[2014,7,15,10,22,28],"number":7},{"colour":"green","time":[2014,7,15,10,22,57],"number":8},{"colour":"amber","time":[2014,7,15,10,23,28],"number":9},{"colour":"amber","time":[2014,7,15,10,24,4],"number":10},{"colour":"green","time":[2014,7,15,10,24,47],"number":11},{"colour":"red","time":[2014,7,15,10,29,53],"number":12},{"colour":"green","time":[2014,7,15,10,30,28],"number":13},{"colour":"red","time":[2014,7,15,10,33,12],"number":14},{"colour":"green","time":[2014,7,15,10,33,35],"number":15},{"colour":"green","time":[2014,7,15,10,35,30],"number":16},{"colour":"green","time":[2014,7,15,10,37,35],"number":17},{"colour":"red","time":[2014,7,15,10,38,36],"number":18},{"colour":"green","time":[2014,7,15,10,38,54],"number":19}]