[{"colour":"red","revert_tag":null,"time":[2013,10,14,8,24,46],"number":1},{"colour":"amber","revert_tag":null,"time":[2013,10,14,8,35,25],"number":2},{"colour":"amber","revert_tag":null,"time":[2013,10,14,8,36,29],"number":3},{"colour":"red","revert_tag":null,"time":[2013,10,14,8,36,40],"number":4},{"colour":"red","revert_tag":null,"time":[2013,10,14,8,36,53],"number":5},{"colour":"amber","revert_tag":null,"time":[2013,10,14,8,41,37],"number":6},{"colour":"amber","revert_tag":null,"time":[2013,10,14,8,43,56],"number":7},{"colour":"amber","revert_tag":null,"time":[2013,10,14,8,45,17],"number":8},{"colour":"amber","revert_tag":null,"time":[2013,10,14,8,46,8],"number":9},{"colour":"amber","revert_tag":null,"time":[2013,10,14,8,46,39],"number":10},{"colour":"amber","revert_tag":null,"time":[2013,10,14,8,47,27],"number":11},{"colour":"amber","revert_tag":null,"time":[2013,10,14,8,48,9],"number":12},{"colour":"red","revert_tag":null,"time":[2013,10,14,8,48,54],"number":13},{"colour":"red","revert_tag":null,"time":[2013,10,14,8,49,36],"number":14},{"colour":"red","revert_tag":null,"time":[2013,10,14,8,50,8],"number":15},{"colour":"amber","revert_tag":null,"time":[2013,10,14,8,51,53],"number":16},{"colour":"red","revert_tag":null,"time":[2013,10,14,8,52,52],"number":17},{"colour":"red","revert_tag":null,"time":[2013,10,14,8,53,32],"number":18},{"colour":"red","revert_tag":null,"time":[2013,10,14,8,54,44],"number":19},{"colour":"amber","revert_tag":null,"time":[2013,10,14,9,3,3],"number":20},{"colour":"red","revert_tag":null,"time":[2013,10,14,9,3,22],"number":21}]