[{"colour":"red","time":[2014,7,15,10,15,23],"number":1},{"colour":"amber","time":[2014,7,15,10,26,33],"number":2},{"colour":"amber","time":[2014,7,15,10,27,2],"number":3},{"colour":"amber","time":[2014,7,15,10,27,40],"number":4},{"colour":"amber","time":[2014,7,15,10,28,8],"number":5},{"colour":"amber","time":[2014,7,15,10,28,39],"number":6},{"colour":"green","time":[2014,7,15,10,29,2],"number":7},{"colour":"amber","time":[2014,7,15,10,33,10],"number":8},{"colour":"green","time":[2014,7,15,10,34,30],"number":9},{"colour":"amber","time":[2014,7,15,10,36,10],"number":10},{"colour":"green","time":[2014,7,15,10,36,21],"number":11},{"colour":"amber","time":[2014,7,15,10,37,22],"number":12},{"colour":"green","time":[2014,7,15,10,37,42],"number":13}]