[{"colour":"red","revert_tag":null,"time":[2013,10,11,14,11,30],"number":1},{"colour":"green","revert_tag":null,"time":[2013,10,11,14,13,29],"number":2},{"colour":"amber","revert_tag":null,"time":[2013,10,11,14,16,24],"number":3},{"colour":"green","revert_tag":null,"time":[2013,10,11,14,16,59],"number":4},{"colour":"red","revert_tag":null,"time":[2013,10,11,14,18,8],"number":5},{"colour":"red","revert_tag":null,"time":[2013,10,11,14,18,23],"number":6},{"colour":"amber","revert_tag":null,"time":[2013,10,11,14,18,59],"number":7},{"colour":"red","revert_tag":null,"time":[2013,10,11,14,19,27],"number":8},{"colour":"red","revert_tag":null,"time":[2013,10,11,14,21,2],"number":9},{"colour":"red","revert_tag":null,"time":[2013,10,11,14,21,40],"number":10},{"colour":"red","revert_tag":null,"time":[2013,10,11,14,22,12],"number":11},{"colour":"red","revert_tag":null,"time":[2013,10,11,14,22,43],"number":12},{"colour":"red","revert_tag":null,"time":[2013,10,11,14,23,28],"number":13},{"colour":"green","revert_tag":null,"time":[2013,10,11,14,24,3],"number":14},{"colour":"red","revert_tag":null,"time":[2013,10,11,14,44,11],"number":15},{"colour":"red","revert_tag":null,"time":[2013,10,11,14,46,10],"number":16},{"colour":"amber","revert_tag":null,"time":[2013,10,11,14,50,6],"number":17},{"colour":"amber","revert_tag":null,"time":[2013,10,11,14,50,26],"number":18},{"colour":"amber","revert_tag":null,"time":[2013,10,11,14,51,26],"number":19},{"colour":"amber","revert_tag":null,"time":[2013,10,11,14,51,59],"number":20},{"colour":"amber","revert_tag":null,"time":[2013,10,11,14,53,1],"number":21},{"colour":"red","revert_tag":null,"time":[2013,10,11,14,55,5],"number":22},{"colour":"red","revert_tag":null,"time":[2013,10,11,14,56,5],"number":23},{"colour":"red","revert_tag":null,"time":[2013,10,11,15,2,29],"number":24},{"colour":"red","revert_tag":null,"time":[2013,10,11,15,5,1],"number":25},{"colour":"red","revert_tag":null,"time":[2013,10,11,15,5,39],"number":26},{"colour":"red","revert_tag":null,"time":[2013,10,11,15,6,24],"number":27},{"colour":"red","revert_tag":null,"time":[2013,10,11,15,6,46],"number":28},{"colour":"red","revert_tag":null,"time":[2013,10,11,15,7,6],"number":29},{"colour":"green","revert_tag":null,"time":[2013,10,11,15,7,37],"number":30},{"colour":"red","revert_tag":null,"time":[2013,10,11,15,8,20],"number":31},{"colour":"red","revert_tag":null,"time":[2013,10,11,15,15,17],"number":32},{"colour":"red","revert_tag":null,"time":[2013,10,11,15,15,49],"number":33},{"colour":"amber","revert_tag":null,"time":[2013,10,11,15,18,37],"number":34},{"colour":"amber","revert_tag":null,"time":[2013,10,11,15,19,14],"number":35},{"colour":"red","revert_tag":null,"time":[2013,10,11,15,19,28],"number":36},{"colour":"red","revert_tag":null,"time":[2013,10,11,15,20,1],"number":37},{"colour":"red","revert_tag":null,"time":[2013,10,11,15,21,23],"number":38},{"colour":"red","revert_tag":null,"time":[2013,10,11,15,24,4],"number":39},{"colour":"green","revert_tag":null,"time":[2013,10,11,15,24,59],"number":40}]