[{"colour":"red","number":1,"time":[2014,5,2,15,56,39]},{"colour":"amber","number":2,"time":[2014,5,2,16,30,18]},{"colour":"amber","number":3,"time":[2014,5,2,16,30,45]},{"colour":"amber","number":4,"time":[2014,5,2,16,31,9]},{"colour":"amber","number":5,"time":[2014,5,2,16,31,22]},{"colour":"amber","number":6,"time":[2014,5,2,16,31,46]},{"colour":"amber","number":7,"time":[2014,5,2,16,31,59]},{"colour":"amber","number":8,"time":[2014,5,2,16,32,22]},{"colour":"amber","number":9,"time":[2014,5,2,16,32,59]},{"colour":"green","number":10,"time":[2014,5,2,16,33,15]},{"colour":"green","number":11,"time":[2014,5,2,16,34,35]},{"colour":"amber","number":12,"time":[2014,5,2,16,39,39]},{"colour":"green","number":13,"time":[2014,5,2,16,39,53]},{"colour":"amber","number":14,"time":[2014,5,2,16,42,6]},{"colour":"red","number":15,"time":[2014,5,2,16,42,19]},{"colour":"green","number":16,"time":[2014,5,2,16,43,22]},{"colour":"green","number":17,"time":[2014,5,2,16,45,17]},{"colour":"red","number":18,"time":[2014,5,2,16,48,2]},{"colour":"green","number":19,"time":[2014,5,2,16,48,16]},{"colour":"green","number":20,"time":[2014,5,2,16,49,14]},{"colour":"amber","number":21,"time":[2014,5,2,16,52,4]},{"colour":"green","number":22,"time":[2014,5,2,16,52,15]},{"colour":"green","number":23,"time":[2014,5,2,16,52,35]},{"colour":"amber","number":24,"time":[2014,5,2,16,55,43]},{"colour":"red","number":25,"time":[2014,5,2,16,56,40]},{"colour":"green","number":26,"time":[2014,5,2,16,56,50]},{"colour":"green","number":27,"time":[2014,5,2,17,8,32]},{"colour":"green","number":28,"time":[2014,5,5,16,6,7]},{"colour":"green","number":29,"time":[2014,5,5,16,56,56]},{"colour":"green","number":30,"time":[2014,5,5,16,57,16]},{"colour":"amber","number":31,"time":[2014,5,5,16,57,44]}]