[{"colour":"red","time":[2014,7,15,10,14,0],"number":1},{"colour":"amber","time":[2014,7,15,10,20,48],"number":2},{"colour":"green","time":[2014,7,15,10,21,34],"number":3},{"colour":"amber","time":[2014,7,15,10,22,26],"number":4},{"colour":"red","time":[2014,7,15,10,23,14],"number":5},{"colour":"green","time":[2014,7,15,10,24,48],"number":6},{"colour":"green","time":[2014,7,15,10,26,19],"number":7},{"colour":"red","time":[2014,7,15,10,28,23],"number":8},{"colour":"green","time":[2014,7,15,10,29,35],"number":9},{"colour":"green","time":[2014,7,15,10,31,11],"number":10},{"colour":"amber","time":[2014,7,15,10,33,20],"number":11},{"colour":"green","time":[2014,7,15,10,33,32],"number":12},{"colour":"amber","time":[2014,7,15,10,35,42],"number":13},{"colour":"green","time":[2014,7,15,10,36,4],"number":14}]