[{"colour":"red","time":[2014,1,3,21,43,31],"number":1},{"colour":"amber","time":[2014,1,3,21,46,33],"number":2},{"colour":"green","time":[2014,1,3,21,48,40],"number":3},{"colour":"amber","time":[2014,1,3,22,8,2],"number":4},{"colour":"amber","time":[2014,1,3,22,9,8],"number":5},{"colour":"amber","time":[2014,1,3,22,11,17],"number":6},{"colour":"amber","time":[2014,1,3,22,12,1],"number":7},{"colour":"amber","time":[2014,1,3,22,12,27],"number":8},{"colour":"amber","time":[2014,1,3,22,13,19],"number":9},{"colour":"green","time":[2014,1,3,22,14,56],"number":10},{"colour":"amber","time":[2014,1,3,22,22,51],"number":11},{"colour":"amber","time":[2014,1,3,22,25,20],"number":12},{"colour":"amber","time":[2014,1,3,22,28,19],"number":13},{"colour":"red","time":[2014,1,3,22,31,6],"number":14},{"colour":"amber","time":[2014,1,3,22,36,22],"number":15},{"colour":"red","time":[2014,1,3,22,36,44],"number":16},{"colour":"red","time":[2014,1,3,22,37,27],"number":17},{"colour":"red","time":[2014,1,3,22,38,23],"number":18},{"colour":"red","time":[2014,1,3,22,40,25],"number":19},{"colour":"amber","time":[2014,1,3,22,42,3],"number":20},{"colour":"green","time":[2014,1,3,22,42,42],"number":21},{"colour":"red","time":[2014,1,3,22,48,14],"number":22},{"colour":"amber","time":[2014,1,3,22,50,19],"number":23},{"colour":"red","time":[2014,1,3,22,50,40],"number":24}]