[{"colour":"red","revert_tag":null,"time":[2013,4,18,11,31,44],"number":1},{"colour":"amber","revert_tag":null,"time":[2013,4,18,11,42,55],"number":2},{"colour":"amber","revert_tag":null,"time":[2013,4,18,11,43,37],"number":3},{"colour":"amber","revert_tag":null,"time":[2013,4,18,11,44,20],"number":4},{"colour":"amber","revert_tag":null,"time":[2013,4,18,11,45,49],"number":5},{"colour":"green","revert_tag":null,"time":[2013,4,18,11,46,17],"number":6},{"colour":"amber","revert_tag":null,"time":[2013,4,18,11,47,24],"number":7},{"colour":"amber","revert_tag":null,"time":[2013,4,18,11,47,40],"number":8},{"colour":"green","revert_tag":null,"time":[2013,4,18,11,47,58],"number":9},{"colour":"amber","revert_tag":null,"time":[2013,4,18,11,48,54],"number":10},{"colour":"red","revert_tag":null,"time":[2013,4,18,11,49,18],"number":11},{"colour":"red","revert_tag":null,"time":[2013,4,18,11,50,8],"number":12},{"colour":"amber","revert_tag":null,"time":[2013,4,18,11,52,49],"number":13},{"colour":"green","revert_tag":null,"time":[2013,4,18,11,53,8],"number":14},{"colour":"green","revert_tag":null,"time":[2013,4,18,11,54,11],"number":15}]