[{"colour":"red","time":[2014,1,9,12,58,30],"number":1},{"colour":"amber","time":[2014,1,9,13,2,52],"number":2},{"colour":"amber","time":[2014,1,9,13,3,7],"number":3},{"colour":"amber","time":[2014,1,9,13,4,2],"number":4},{"colour":"amber","time":[2014,1,9,13,4,35],"number":5},{"colour":"amber","time":[2014,1,9,13,4,56],"number":6},{"colour":"amber","time":[2014,1,9,13,5,50],"number":7},{"colour":"amber","time":[2014,1,9,13,8,40],"number":8},{"colour":"amber","time":[2014,1,9,13,9,28],"number":9},{"colour":"amber","time":[2014,1,9,13,14,37],"number":10},{"colour":"amber","time":[2014,1,9,13,14,47],"number":11},{"colour":"amber","time":[2014,1,9,13,15,1],"number":12},{"colour":"amber","time":[2014,1,9,13,15,46],"number":13},{"colour":"amber","time":[2014,1,9,13,16,34],"number":14},{"colour":"amber","time":[2014,1,9,13,16,57],"number":15},{"colour":"amber","time":[2014,1,9,13,22,57],"number":16},{"colour":"amber","time":[2014,1,9,13,24,28],"number":17},{"colour":"red","time":[2014,1,9,13,24,48],"number":18},{"colour":"green","time":[2014,1,9,13,25,41],"number":19},{"colour":"red","time":[2014,1,9,13,27,7],"number":20},{"colour":"amber","time":[2014,1,9,13,28,7],"number":21},{"colour":"amber","time":[2014,1,9,13,28,20],"number":22},{"colour":"amber","time":[2014,1,9,13,28,39],"number":23},{"colour":"amber","time":[2014,1,9,13,31,38],"number":24},{"colour":"amber","time":[2014,1,9,13,31,54],"number":25},{"colour":"amber","time":[2014,1,9,13,32,7],"number":26},{"colour":"green","time":[2014,1,9,13,33,59],"number":27},{"colour":"red","time":[2014,1,9,16,20,56],"number":28},{"colour":"green","time":[2014,1,9,16,22,0],"number":29},{"colour":"green","time":[2014,1,9,16,22,20],"number":30},{"colour":"red","time":[2014,1,9,16,22,29],"number":31},{"colour":"green","time":[2014,1,9,16,22,57],"number":32}]