[{"colour":"red","time":[2012,12,8,13,0,22],"number":1},{"colour":"green","time":[2012,12,8,13,0,42],"number":2},{"colour":"red","time":[2012,12,8,13,3,52],"number":3},{"colour":"green","time":[2012,12,8,13,4,14],"number":4},{"colour":"amber","time":[2012,12,8,13,6,50],"number":5},{"colour":"amber","time":[2012,12,8,13,7,3],"number":6},{"colour":"amber","time":[2012,12,8,13,8,3],"number":7},{"colour":"green","time":[2012,12,8,13,8,28],"number":8},{"colour":"red","time":[2012,12,8,13,10,33],"number":9},{"colour":"red","time":[2012,12,8,13,11,20],"number":10},{"colour":"red","time":[2012,12,8,13,17,31],"number":11},{"colour":"green","time":[2012,12,8,13,18,7],"number":12},{"colour":"red","time":[2012,12,8,13,18,51],"number":13},{"colour":"amber","time":[2012,12,8,13,26,44],"number":14},{"colour":"amber","time":[2012,12,8,13,27,44],"number":15},{"colour":"amber","time":[2012,12,8,13,28,16],"number":16},{"colour":"green","time":[2012,12,8,13,30,5],"number":17},{"colour":"amber","time":[2012,12,8,13,32,41],"number":18},{"colour":"red","time":[2012,12,8,13,33,36],"number":19},{"colour":"red","time":[2012,12,8,13,34,9],"number":20},{"colour":"green","time":[2012,12,8,13,35,10],"number":21},{"colour":"red","time":[2012,12,8,13,36,17],"number":22},{"colour":"red","time":[2012,12,8,13,38,48],"number":23}]