[{"colour":"red","number":1,"time":[2014,5,2,15,56,52]},{"colour":"amber","number":2,"time":[2014,5,3,20,20,21]},{"colour":"amber","number":3,"time":[2014,5,3,20,20,51]},{"colour":"amber","number":4,"time":[2014,5,3,20,21,3]},{"colour":"amber","number":5,"time":[2014,5,3,20,22,8]},{"colour":"amber","number":6,"time":[2014,5,3,20,22,19]},{"colour":"amber","number":7,"time":[2014,5,3,20,22,34]},{"colour":"green","number":8,"time":[2014,5,3,20,23,34]},{"colour":"amber","number":9,"time":[2014,5,3,20,32,3]},{"colour":"green","number":10,"time":[2014,5,3,20,32,53]},{"colour":"amber","number":11,"time":[2014,5,3,20,33,56]},{"colour":"green","number":12,"time":[2014,5,3,20,34,39]},{"colour":"amber","number":13,"time":[2014,5,3,20,36,49]},{"colour":"amber","number":14,"time":[2014,5,4,7,55,39]},{"colour":"amber","number":15,"time":[2014,5,4,7,56,8]},{"colour":"amber","number":16,"time":[2014,5,4,7,56,41]},{"colour":"amber","number":17,"time":[2014,5,4,7,57,6]},{"colour":"amber","number":18,"time":[2014,5,4,7,59,40]},{"colour":"amber","number":19,"time":[2014,5,4,8,1,10]},{"colour":"amber","number":20,"time":[2014,5,4,8,2,35]},{"colour":"amber","number":21,"time":[2014,5,4,8,4,21]},{"colour":"amber","number":22,"time":[2014,5,4,8,5,43]},{"colour":"red","number":23,"time":[2014,5,4,8,8,4]},{"colour":"amber","number":24,"time":[2014,5,4,8,22,9]},{"colour":"amber","number":25,"time":[2014,5,4,8,22,31]},{"colour":"green","number":26,"time":[2014,5,4,8,25,0]},{"colour":"amber","number":27,"time":[2014,5,4,8,29,22]},{"colour":"amber","number":28,"time":[2014,5,4,8,29,32]},{"colour":"amber","number":29,"time":[2014,5,4,8,30,22]},{"colour":"amber","number":30,"time":[2014,5,4,8,31,26]},{"colour":"green","number":31,"time":[2014,5,4,8,32,12]},{"colour":"amber","number":32,"time":[2014,5,4,8,36,37]},{"colour":"green","number":33,"time":[2014,5,4,8,36,49]},{"colour":"green","number":34,"time":[2014,5,4,8,38,20]}]