[{"colour":"red","revert_tag":null,"time":[2013,5,29,14,33,45],"number":1},{"colour":"red","revert_tag":null,"time":[2013,5,29,14,34,56],"number":2},{"colour":"amber","revert_tag":null,"time":[2013,5,29,14,40,55],"number":3},{"colour":"amber","revert_tag":null,"time":[2013,5,29,14,41,14],"number":4},{"colour":"amber","revert_tag":null,"time":[2013,5,29,14,41,44],"number":5},{"colour":"amber","revert_tag":null,"time":[2013,5,29,14,42,13],"number":6},{"colour":"amber","revert_tag":null,"time":[2013,5,29,14,42,58],"number":7},{"colour":"red","revert_tag":null,"time":[2013,5,29,14,43,26],"number":8},{"colour":"red","revert_tag":null,"time":[2013,5,29,14,43,45],"number":9},{"colour":"amber","revert_tag":null,"time":[2013,5,29,14,44,51],"number":10},{"colour":"amber","revert_tag":null,"time":[2013,5,29,14,45,10],"number":11},{"colour":"amber","revert_tag":null,"time":[2013,5,29,14,45,42],"number":12},{"colour":"amber","revert_tag":null,"time":[2013,5,29,14,46,7],"number":13},{"colour":"green","revert_tag":null,"time":[2013,5,29,14,46,37],"number":14},{"colour":"red","revert_tag":null,"time":[2013,5,29,14,47,27],"number":15},{"colour":"red","revert_tag":null,"time":[2013,5,29,14,47,55],"number":16},{"colour":"green","revert_tag":null,"time":[2013,5,29,14,48,46],"number":17},{"colour":"red","revert_tag":null,"time":[2013,5,29,14,50,0],"number":18},{"colour":"green","revert_tag":null,"time":[2013,5,29,14,50,23],"number":19},{"colour":"amber","revert_tag":null,"time":[2013,5,29,14,51,4],"number":20},{"colour":"green","revert_tag":null,"time":[2013,5,29,14,51,45],"number":21},{"colour":"amber","revert_tag":null,"time":[2013,5,29,14,53,26],"number":22},{"colour":"green","revert_tag":null,"time":[2013,5,29,14,53,44],"number":23},{"colour":"green","revert_tag":null,"time":[2013,5,29,14,56,26],"number":24},{"colour":"green","revert_tag":null,"time":[2013,5,29,14,56,50],"number":25},{"colour":"green","revert_tag":null,"time":[2013,5,29,14,59,44],"number":26},{"colour":"green","revert_tag":null,"time":[2013,5,29,15,0,4],"number":27},{"colour":"green","revert_tag":null,"time":[2013,5,29,15,0,23],"number":28}]