[{"colour":"red","time":[2014,2,21,14,47,10],"number":1},{"colour":"red","time":[2014,2,21,14,50,15],"number":2},{"colour":"green","time":[2014,2,21,14,50,36],"number":3},{"colour":"red","time":[2014,2,21,14,51,6],"number":4},{"colour":"green","time":[2014,2,21,14,51,53],"number":5},{"colour":"red","time":[2014,2,21,14,52,44],"number":6},{"colour":"green","time":[2014,2,21,14,53,15],"number":7},{"colour":"red","time":[2014,2,21,14,54,16],"number":8},{"colour":"green","time":[2014,2,21,14,54,49],"number":9},{"colour":"red","time":[2014,2,21,14,55,20],"number":10},{"colour":"green","time":[2014,2,21,14,55,54],"number":11},{"colour":"green","time":[2014,2,21,14,56,57],"number":12},{"colour":"green","time":[2014,2,21,14,57,25],"number":13},{"colour":"green","time":[2014,2,21,14,58,19],"number":14},{"colour":"green","time":[2014,2,21,14,59,2],"number":15},{"colour":"green","time":[2014,2,21,14,59,21],"number":16},{"colour":"green","time":[2014,2,21,14,59,36],"number":17},{"colour":"green","time":[2014,2,21,14,59,51],"number":18},{"colour":"green","time":[2014,2,21,15,0,42],"number":19},{"colour":"green","time":[2014,2,21,15,1,4],"number":20},{"colour":"red","time":[2014,2,21,15,1,51],"number":21},{"colour":"red","time":[2014,2,21,15,2,8],"number":22},{"colour":"red","time":[2014,2,21,15,3,49],"number":23},{"colour":"green","time":[2014,2,21,15,4,47],"number":24},{"colour":"amber","time":[2014,2,21,15,5,58],"number":25},{"colour":"green","time":[2014,2,21,15,6,15],"number":26},{"colour":"green","time":[2014,2,21,15,6,29],"number":27},{"colour":"green","time":[2014,2,21,15,7,4],"number":28},{"colour":"green","time":[2014,2,21,15,7,41],"number":29},{"colour":"red","time":[2014,2,21,15,8,0],"number":30},{"colour":"green","time":[2014,2,21,15,8,22],"number":31}]