[{"colour":"red","number":1,"time":[2014,4,16,10,26,15]},{"colour":"red","number":2,"time":[2014,4,16,10,26,18]},{"colour":"red","number":3,"time":[2014,4,16,10,31,2]},{"colour":"amber","number":4,"time":[2014,4,16,10,40,21]},{"colour":"amber","number":5,"time":[2014,4,16,10,40,59]},{"colour":"amber","number":6,"time":[2014,4,16,10,41,50]},{"colour":"amber","number":7,"time":[2014,4,16,10,42,34]},{"colour":"red","number":8,"time":[2014,4,16,10,43,5]},{"colour":"red","number":9,"time":[2014,4,16,10,44,4]},{"colour":"red","number":10,"time":[2014,4,16,10,45,23]},{"colour":"amber","number":11,"time":[2014,4,16,10,51,19]},{"colour":"amber","number":12,"time":[2014,4,16,10,59,5]},{"colour":"amber","number":13,"time":[2014,4,16,11,0,55]},{"colour":"amber","number":14,"time":[2014,4,16,11,2,13]},{"colour":"amber","number":15,"time":[2014,4,16,11,2,54]},{"colour":"red","number":16,"time":[2014,4,16,11,4,14]}]