[{"colour":"red","time":[2014,7,15,10,11,29],"number":1},{"colour":"amber","time":[2014,7,15,10,23,32],"number":2},{"colour":"amber","time":[2014,7,15,10,25,4],"number":3},{"colour":"amber","time":[2014,7,15,10,25,20],"number":4},{"colour":"green","time":[2014,7,15,10,25,54],"number":5},{"colour":"green","time":[2014,7,15,10,28,31],"number":6},{"colour":"green","time":[2014,7,15,10,31,39],"number":7},{"colour":"amber","time":[2014,7,15,10,36,1],"number":8},{"colour":"amber","time":[2014,7,15,10,36,28],"number":9},{"colour":"red","time":[2014,7,15,10,36,58],"number":10},{"colour":"red","time":[2014,7,15,10,38,3],"number":11},{"colour":"green","time":[2014,7,15,10,39,12],"number":12},{"colour":"green","time":[2014,7,15,10,42,52],"number":13}]