[{"colour":"red","number":1,"time":[2014,5,2,15,56,41]},{"colour":"green","number":2,"time":[2014,5,2,15,57,20]},{"colour":"amber","number":3,"time":[2014,5,2,16,1,22]},{"colour":"amber","number":4,"time":[2014,5,2,16,1,41]},{"colour":"amber","number":5,"time":[2014,5,2,16,2,2]},{"colour":"amber","number":6,"time":[2014,5,2,16,3,27]},{"colour":"amber","number":7,"time":[2014,5,2,16,3,44]},{"colour":"green","number":8,"time":[2014,5,2,16,3,57]},{"colour":"amber","number":9,"time":[2014,5,2,16,24,50]},{"colour":"red","number":10,"time":[2014,5,2,16,25,7]},{"colour":"green","number":11,"time":[2014,5,2,16,26,4]},{"colour":"amber","number":12,"time":[2014,5,2,16,29,49]},{"colour":"green","number":13,"time":[2014,5,2,16,30,9]},{"colour":"green","number":14,"time":[2014,5,2,16,30,42]},{"colour":"amber","number":15,"time":[2014,5,2,16,34,8]},{"colour":"amber","number":16,"time":[2014,5,2,16,34,47]},{"colour":"amber","number":17,"time":[2014,5,2,16,35,19]},{"colour":"amber","number":18,"time":[2014,5,2,16,35,36]},{"colour":"green","number":19,"time":[2014,5,2,16,35,52]},{"colour":"green","number":20,"time":[2014,5,2,16,36,43]},{"colour":"amber","number":21,"time":[2014,5,2,16,38,4]},{"colour":"green","number":22,"time":[2014,5,2,16,38,33]},{"colour":"amber","number":23,"time":[2014,5,2,16,43,5]},{"colour":"amber","number":24,"time":[2014,5,2,16,43,45]},{"colour":"amber","number":25,"time":[2014,5,2,16,44,13]},{"colour":"green","number":26,"time":[2014,5,2,16,44,30]},{"colour":"amber","number":27,"time":[2014,5,2,16,49,54]},{"colour":"green","number":28,"time":[2014,5,2,16,50,6]}]