[{"colour":"red","number":1,"time":[2014,7,10,20,25,39]},{"colour":"red","number":2,"time":[2014,7,10,20,26,54]},{"colour":"green","number":3,"time":[2014,7,10,20,27,59]},{"colour":"red","number":4,"time":[2014,7,10,20,28,58]},{"colour":"red","number":5,"time":[2014,7,10,20,29,10]},{"colour":"red","number":6,"time":[2014,7,10,20,29,29]},{"colour":"red","number":7,"time":[2014,7,10,20,32,19]},{"colour":"red","number":8,"time":[2014,7,10,20,34,29]},{"colour":"amber","number":9,"time":[2014,7,10,20,35,55]},{"colour":"red","number":10,"time":[2014,7,10,20,36,12]},{"colour":"red","number":11,"time":[2014,7,10,20,37,42]},{"colour":"red","number":12,"time":[2014,7,10,20,38,17]},{"colour":"red","number":13,"time":[2014,7,10,20,38,43]},{"colour":"red","number":14,"time":[2014,7,10,20,39,6]},{"colour":"red","number":15,"time":[2014,7,10,20,39,44]},{"colour":"green","number":16,"time":[2014,7,10,20,40,1]},{"colour":"red","number":17,"time":[2014,7,10,20,40,25]},{"colour":"green","number":18,"time":[2014,7,10,20,41,57]},{"colour":"red","number":19,"time":[2014,7,10,20,42,48]},{"colour":"green","number":20,"time":[2014,7,10,20,43,28]},{"colour":"red","number":21,"time":[2014,7,10,20,44,44]},{"colour":"green","number":22,"time":[2014,7,10,20,45,52]},{"colour":"red","number":23,"time":[2014,7,10,20,46,0]},{"colour":"red","number":24,"time":[2014,7,10,20,52,19]},{"colour":"red","number":25,"time":[2014,7,10,20,54,11]},{"colour":"red","number":26,"time":[2014,7,10,20,55,46]},{"colour":"red","number":27,"time":[2014,7,10,20,57,57]},{"colour":"red","number":28,"time":[2014,7,10,20,59,2]},{"colour":"red","number":29,"time":[2014,7,10,20,59,12]},{"colour":"red","number":30,"time":[2014,7,10,20,59,36]},{"colour":"red","number":31,"time":[2014,7,10,21,1,58]},{"colour":"red","number":32,"time":[2014,7,10,21,2,19]},{"colour":"red","number":33,"time":[2014,7,10,21,2,48]},{"colour":"red","number":34,"time":[2014,7,10,21,3,57]},{"colour":"green","number":35,"time":[2014,7,10,21,4,30]},{"colour":"red","number":36,"time":[2014,7,10,21,4,53]},{"colour":"green","number":37,"time":[2014,7,10,21,5,15]},{"colour":"green","number":38,"time":[2014,7,10,21,5,29]},{"colour":"red","number":39,"time":[2014,7,10,21,6,29]},{"colour":"green","number":40,"time":[2014,7,10,21,6,50]}]