[{"colour":"green","revert_tag":null,"time":[2013,4,29,10,11,26],"number":1},{"colour":"amber","revert_tag":null,"time":[2013,4,29,10,11,49],"number":2},{"colour":"amber","revert_tag":null,"time":[2013,4,29,10,12,31],"number":3},{"colour":"amber","revert_tag":null,"time":[2013,4,29,10,14,2],"number":4},{"colour":"amber","revert_tag":null,"time":[2013,4,29,10,15,27],"number":5},{"colour":"amber","revert_tag":null,"time":[2013,4,29,10,15,43],"number":6},{"colour":"amber","revert_tag":null,"time":[2013,4,29,10,16,3],"number":7},{"colour":"amber","revert_tag":null,"time":[2013,4,29,10,17,3],"number":8},{"colour":"amber","revert_tag":null,"time":[2013,4,29,10,20,29],"number":9},{"colour":"amber","revert_tag":null,"time":[2013,4,29,10,20,44],"number":10},{"colour":"green","revert_tag":null,"time":[2013,4,29,10,21,23],"number":11},{"colour":"amber","revert_tag":null,"time":[2013,4,29,10,21,39],"number":12},{"colour":"amber","revert_tag":null,"time":[2013,4,29,10,21,51],"number":13},{"colour":"green","revert_tag":null,"time":[2013,4,29,10,22,5],"number":14}]