[{"colour":"red","time":[2014,1,24,16,53,0],"number":1},{"colour":"amber","time":[2014,1,24,16,55,12],"number":2},{"colour":"amber","time":[2014,1,24,16,55,13],"number":3},{"colour":"amber","time":[2014,1,24,16,55,16],"number":4},{"colour":"amber","time":[2014,1,24,16,55,18],"number":5},{"colour":"amber","time":[2014,1,24,16,55,36],"number":6},{"colour":"amber","time":[2014,1,24,16,56,24],"number":7},{"colour":"amber","time":[2014,1,24,16,56,32],"number":8},{"colour":"amber","time":[2014,1,24,16,57,6],"number":9},{"colour":"amber","time":[2014,1,24,16,57,29],"number":10},{"colour":"amber","time":[2014,1,24,16,57,36],"number":11},{"colour":"amber","time":[2014,1,24,16,58,4],"number":12},{"colour":"amber","time":[2014,1,24,16,58,10],"number":13},{"colour":"amber","time":[2014,1,24,16,58,29],"number":14},{"colour":"green","time":[2014,1,24,16,58,57],"number":15},{"colour":"amber","time":[2014,1,24,16,59,21],"number":16},{"colour":"amber","time":[2014,1,24,17,0,14],"number":17},{"colour":"amber","time":[2014,1,24,17,0,39],"number":18},{"colour":"amber","time":[2014,1,24,17,0,57],"number":19},{"colour":"amber","time":[2014,1,24,17,1,15],"number":20},{"colour":"green","time":[2014,1,24,17,1,35],"number":21},{"colour":"amber","time":[2014,1,24,17,2,29],"number":22},{"colour":"amber","time":[2014,1,24,17,3,49],"number":23},{"colour":"amber","time":[2014,1,24,17,6,12],"number":24},{"colour":"green","time":[2014,1,24,17,6,34],"number":25},{"colour":"amber","time":[2014,1,24,17,7,10],"number":26},{"colour":"green","time":[2014,1,24,17,7,38],"number":27},{"colour":"green","time":[2014,1,24,17,8,15],"number":28},{"colour":"green","time":[2014,1,24,17,10,55],"number":29},{"colour":"green","time":[2014,1,24,17,15,53],"number":30},{"colour":"green","time":[2014,1,24,17,16,10],"number":31},{"colour":"amber","time":[2014,1,24,17,29,9],"number":32},{"colour":"amber","time":[2014,1,24,17,30,48],"number":33},{"colour":"amber","time":[2014,1,24,17,44,28],"number":34}]