[{"colour":"red","revert_tag":null,"time":[2013,7,25,18,3,40],"number":1},{"colour":"red","revert_tag":null,"time":[2013,7,25,18,3,44],"number":2},{"colour":"amber","revert_tag":null,"time":[2013,7,25,18,19,11],"number":3},{"colour":"amber","revert_tag":null,"time":[2013,7,25,18,19,50],"number":4},{"colour":"amber","revert_tag":null,"time":[2013,7,25,18,21,0],"number":5},{"colour":"amber","revert_tag":null,"time":[2013,7,25,18,21,29],"number":6},{"colour":"amber","revert_tag":null,"time":[2013,7,25,18,21,45],"number":7},{"colour":"amber","revert_tag":null,"time":[2013,7,25,18,24,29],"number":8},{"colour":"amber","revert_tag":null,"time":[2013,7,25,18,31,8],"number":9},{"colour":"amber","revert_tag":null,"time":[2013,7,25,18,42,23],"number":10},{"colour":"amber","revert_tag":null,"time":[2013,7,25,18,43,24],"number":11},{"colour":"green","revert_tag":null,"time":[2013,7,25,18,43,51],"number":12},{"colour":"amber","revert_tag":null,"time":[2013,7,25,18,54,45],"number":13},{"colour":"red","revert_tag":null,"time":[2013,7,25,18,56,45],"number":14},{"colour":"red","revert_tag":null,"time":[2013,7,25,18,57,58],"number":15},{"colour":"green","revert_tag":null,"time":[2013,7,25,18,59,52],"number":16},{"colour":"green","revert_tag":null,"time":[2013,7,25,19,4,37],"number":17},{"colour":"amber","revert_tag":null,"time":[2013,7,25,19,7,22],"number":18},{"colour":"green","revert_tag":null,"time":[2013,7,25,19,7,41],"number":19},{"colour":"green","revert_tag":null,"time":[2013,7,25,19,10,38],"number":20},{"colour":"amber","revert_tag":null,"time":[2013,7,25,19,12,22],"number":21},{"colour":"green","revert_tag":null,"time":[2013,7,25,19,12,34],"number":22},{"colour":"amber","revert_tag":null,"time":[2013,7,25,19,16,17],"number":23},{"colour":"green","revert_tag":null,"time":[2013,7,25,19,16,41],"number":24},{"colour":"green","revert_tag":null,"time":[2013,7,25,19,18,27],"number":25},{"colour":"amber","revert_tag":null,"time":[2013,7,25,19,40,36],"number":26},{"colour":"amber","revert_tag":null,"time":[2013,7,25,19,41,2],"number":27},{"colour":"amber","revert_tag":null,"time":[2013,7,25,19,41,25],"number":28},{"colour":"amber","revert_tag":null,"time":[2013,7,25,19,42,2],"number":29},{"colour":"green","revert_tag":null,"time":[2013,7,25,19,42,18],"number":30},{"colour":"green","revert_tag":null,"time":[2013,7,25,19,44,44],"number":31},{"colour":"green","revert_tag":null,"time":[2013,7,25,19,45,30],"number":32},{"colour":"green","revert_tag":null,"time":[2013,7,25,19,47,14],"number":33},{"colour":"amber","revert_tag":null,"time":[2013,7,25,19,55,15],"number":34},{"colour":"amber","revert_tag":null,"time":[2013,7,25,19,56,12],"number":35},{"colour":"green","revert_tag":null,"time":[2013,7,25,19,58,6],"number":36},{"colour":"green","revert_tag":null,"time":[2013,7,25,20,3,51],"number":37},{"colour":"green","revert_tag":null,"time":[2013,7,25,20,4,57],"number":38},{"colour":"green","revert_tag":null,"time":[2013,7,25,20,9,13],"number":39},{"colour":"green","revert_tag":null,"time":[2013,7,25,20,10,29],"number":40},{"colour":"green","revert_tag":null,"time":[2013,7,26,2,51,41],"number":41},{"colour":"amber","revert_tag":null,"time":[2013,7,26,2,52,51],"number":42},{"colour":"green","revert_tag":null,"time":[2013,7,26,2,53,29],"number":43},{"colour":"amber","revert_tag":null,"time":[2013,7,26,2,54,42],"number":44},{"colour":"red","revert_tag":null,"time":[2013,7,26,2,55,13],"number":45},{"colour":"amber","revert_tag":null,"time":[2013,7,26,2,57,26],"number":46},{"colour":"amber","revert_tag":null,"time":[2013,7,26,2,57,46],"number":47},{"colour":"red","revert_tag":null,"time":[2013,7,26,2,58,12],"number":48},{"colour":"amber","revert_tag":null,"time":[2013,7,26,3,0,57],"number":49},{"colour":"green","revert_tag":null,"time":[2013,7,26,3,1,11],"number":50},{"colour":"green","revert_tag":null,"time":[2013,7,26,3,1,47],"number":51},{"colour":"green","revert_tag":null,"time":[2013,7,26,3,2,44],"number":52},{"colour":"green","revert_tag":null,"time":[2013,7,26,3,3,14],"number":53},{"colour":"green","revert_tag":null,"time":[2013,7,26,3,21,32],"number":54},{"colour":"green","revert_tag":null,"time":[2013,7,26,3,21,52],"number":55},{"colour":"green","revert_tag":null,"time":[2013,7,26,4,39,16],"number":56},{"colour":"green","revert_tag":null,"time":[2013,7,26,4,48,41],"number":57},{"colour":"green","revert_tag":null,"time":[2013,7,26,5,25,44],"number":58}]