[{"colour":"red","number":1,"time":[2014,6,3,10,12,42]},{"colour":"amber","number":2,"time":[2014,6,3,10,16,10]},{"colour":"green","number":3,"time":[2014,6,3,10,16,58]},{"colour":"red","number":4,"time":[2014,6,3,10,18,29]},{"colour":"green","number":5,"time":[2014,6,3,10,19,44]},{"colour":"amber","number":6,"time":[2014,6,3,10,22,32]},{"colour":"red","number":7,"time":[2014,6,3,10,22,55]},{"colour":"green","number":8,"time":[2014,6,3,10,23,17]},{"colour":"red","number":9,"time":[2014,6,3,10,24,3]},{"colour":"green","number":10,"time":[2014,6,3,10,26,49]},{"colour":"green","number":11,"time":[2014,6,3,10,27,24]},{"colour":"red","number":12,"time":[2014,6,3,10,27,58]},{"colour":"green","number":13,"time":[2014,6,3,10,31,6]},{"colour":"green","number":14,"time":[2014,6,3,10,31,38]},{"colour":"green","number":15,"time":[2014,6,3,10,33,0]},{"colour":"red","number":16,"time":[2014,6,3,10,33,28]}]