[{"colour":"red","time":[2014,7,15,10,11,24],"number":1},{"colour":"red","time":[2014,7,15,10,14,26],"number":2},{"colour":"amber","time":[2014,7,15,10,18,27],"number":3},{"colour":"amber","time":[2014,7,15,10,18,40],"number":4},{"colour":"amber","time":[2014,7,15,10,19,3],"number":5},{"colour":"amber","time":[2014,7,15,10,20,19],"number":6},{"colour":"green","time":[2014,7,15,10,22,24],"number":7},{"colour":"amber","time":[2014,7,15,10,25,14],"number":8},{"colour":"amber","time":[2014,7,15,10,25,35],"number":9},{"colour":"green","time":[2014,7,15,10,26,1],"number":10},{"colour":"amber","time":[2014,7,15,10,27,54],"number":11},{"colour":"green","time":[2014,7,15,10,29,12],"number":12},{"colour":"green","time":[2014,7,15,10,29,51],"number":13},{"colour":"green","time":[2014,7,15,10,33,43],"number":14},{"colour":"red","time":[2014,7,15,10,36,15],"number":15},{"colour":"green","time":[2014,7,15,10,37,36],"number":16}]