[{"colour":"red","number":1,"time":[2014,6,21,1,46,56]},{"colour":"red","number":2,"time":[2014,6,21,1,47,18]},{"colour":"red","number":3,"time":[2014,6,21,1,51,31]},{"colour":"red","number":4,"time":[2014,6,21,1,52,11]},{"colour":"amber","number":5,"time":[2014,6,21,2,39,49]},{"colour":"amber","number":6,"time":[2014,6,21,2,40,9]},{"colour":"amber","number":7,"time":[2014,6,21,2,40,39]},{"colour":"amber","number":8,"time":[2014,6,21,2,43,1]},{"colour":"amber","number":9,"time":[2014,6,21,2,43,23]},{"colour":"amber","number":10,"time":[2014,6,21,2,43,52]},{"colour":"amber","number":11,"time":[2014,6,21,2,44,10]},{"colour":"amber","number":12,"time":[2014,6,21,2,45,15]},{"colour":"amber","number":13,"time":[2014,6,21,2,45,47]},{"colour":"amber","number":14,"time":[2014,6,21,2,46,17]},{"colour":"amber","number":15,"time":[2014,6,21,2,46,49]},{"colour":"amber","number":16,"time":[2014,6,21,2,47,10]},{"colour":"amber","number":17,"time":[2014,6,21,2,47,25]},{"colour":"red","number":18,"time":[2014,6,21,2,47,50]},{"colour":"green","number":19,"time":[2014,6,21,2,48,29]},{"colour":"amber","number":20,"time":[2014,6,21,2,54,7]}]