[{"colour":"red","time":[2012,12,8,4,53,24],"number":1},{"colour":"red","time":[2012,12,8,4,54,36],"number":2},{"colour":"red","time":[2012,12,8,4,55,33],"number":3},{"colour":"green","time":[2012,12,8,4,55,49],"number":4},{"colour":"amber","time":[2012,12,8,7,50,54],"number":5},{"colour":"amber","time":[2012,12,8,7,51,18],"number":6},{"colour":"red","time":[2012,12,8,7,52,0],"number":7},{"colour":"amber","time":[2012,12,8,7,53,40],"number":8},{"colour":"amber","time":[2012,12,8,7,57,49],"number":9},{"colour":"amber","time":[2012,12,8,7,58,28],"number":10},{"colour":"amber","time":[2012,12,8,8,0,51],"number":11},{"colour":"amber","time":[2012,12,8,8,1,9],"number":12},{"colour":"green","time":[2012,12,8,8,1,29],"number":13},{"colour":"red","time":[2012,12,8,8,9,52],"number":14},{"colour":"amber","time":[2012,12,8,8,15,12],"number":15},{"colour":"amber","time":[2012,12,8,8,17,24],"number":16},{"colour":"amber","time":[2012,12,8,8,18,23],"number":17},{"colour":"amber","time":[2012,12,8,8,18,36],"number":18},{"colour":"green","time":[2012,12,8,8,19,3],"number":19},{"colour":"red","time":[2012,12,8,8,19,20],"number":20},{"colour":"amber","time":[2012,12,8,8,21,53],"number":21},{"colour":"amber","time":[2012,12,8,8,22,6],"number":22},{"colour":"red","time":[2012,12,8,8,22,19],"number":23},{"colour":"green","time":[2012,12,8,8,23,26],"number":24},{"colour":"green","time":[2012,12,8,8,27,3],"number":25},{"colour":"red","time":[2012,12,8,8,27,20],"number":26},{"colour":"green","time":[2012,12,8,8,28,2],"number":27},{"colour":"amber","time":[2012,12,8,8,30,27],"number":28},{"colour":"green","time":[2012,12,8,8,31,59],"number":29},{"colour":"red","time":[2012,12,8,8,33,12],"number":30},{"colour":"amber","time":[2012,12,8,8,52,58],"number":31}]