[{"colour":"red","number":1,"time":[2014,5,2,15,56,59]},{"colour":"green","number":2,"time":[2014,5,2,15,57,30]},{"colour":"amber","number":3,"time":[2014,5,2,17,6,43]},{"colour":"amber","number":4,"time":[2014,5,2,17,8,4]},{"colour":"amber","number":5,"time":[2014,5,2,17,9,57]},{"colour":"amber","number":6,"time":[2014,5,2,17,10,16]},{"colour":"red","number":7,"time":[2014,5,2,17,13,15]},{"colour":"green","number":8,"time":[2014,5,2,17,13,50]},{"colour":"green","number":9,"time":[2014,5,2,17,15,16]},{"colour":"green","number":10,"time":[2014,5,2,17,17,33]},{"colour":"amber","number":11,"time":[2014,5,2,17,19,10]},{"colour":"green","number":12,"time":[2014,5,2,17,20,18]},{"colour":"green","number":13,"time":[2014,5,2,17,21,18]},{"colour":"amber","number":14,"time":[2014,5,2,17,23,16]},{"colour":"amber","number":15,"time":[2014,5,2,17,23,39]},{"colour":"amber","number":16,"time":[2014,5,2,17,26,17]},{"colour":"amber","number":17,"time":[2014,5,2,17,26,58]},{"colour":"red","number":18,"time":[2014,5,2,17,27,14]},{"colour":"amber","number":19,"time":[2014,5,2,17,28,8]},{"colour":"red","number":20,"time":[2014,5,2,17,28,36]},{"colour":"amber","number":21,"time":[2014,5,2,17,29,5]},{"colour":"amber","number":22,"time":[2014,5,2,17,29,32]},{"colour":"green","number":23,"time":[2014,5,2,17,30,14]},{"colour":"green","number":24,"time":[2014,5,2,17,30,35]},{"colour":"green","number":25,"time":[2014,5,2,17,31,8]},{"colour":"green","number":26,"time":[2014,5,2,17,33,37]},{"colour":"amber","number":27,"time":[2014,5,2,17,38,7]},{"colour":"green","number":28,"time":[2014,5,2,17,38,23]},{"colour":"green","number":29,"time":[2014,5,2,17,41,22]},{"colour":"green","number":30,"time":[2014,5,2,17,42,59]},{"colour":"amber","number":31,"time":[2014,5,2,17,44,9]},{"colour":"amber","number":32,"time":[2014,5,2,17,44,14]},{"colour":"amber","number":33,"time":[2014,5,2,17,44,34]},{"colour":"green","number":34,"time":[2014,5,2,17,45,1]},{"colour":"green","number":35,"time":[2014,5,2,17,45,59]},{"colour":"red","number":36,"time":[2014,5,2,17,47,17]},{"colour":"green","number":37,"time":[2014,5,2,17,47,27]},{"colour":"green","number":38,"time":[2014,5,2,17,51,1]},{"colour":"green","number":39,"time":[2014,5,2,17,53,51]},{"colour":"green","number":40,"time":[2014,5,2,17,54,46]},{"colour":"amber","number":41,"time":[2014,5,2,21,33,13]},{"colour":"amber","number":42,"time":[2014,5,2,21,33,29]},{"colour":"red","number":43,"time":[2014,5,2,21,34,6]},{"colour":"red","number":44,"time":[2014,5,2,21,35,5]},{"colour":"amber","number":45,"time":[2014,5,2,21,35,56]},{"colour":"green","number":46,"time":[2014,5,2,21,36,8]},{"colour":"green","number":47,"time":[2014,5,2,21,36,48]},{"colour":"green","number":48,"time":[2014,5,2,21,38,57]},{"colour":"green","number":49,"time":[2014,5,2,21,40,21]},{"colour":"red","number":50,"time":[2014,5,2,21,41,38]},{"colour":"green","number":51,"time":[2014,5,2,21,42,6]}]