[{"colour":"red","number":1,"time":[2014,5,2,16,1,16]},{"colour":"green","number":2,"time":[2014,5,2,16,5,24]},{"colour":"amber","number":3,"time":[2014,5,2,16,24,24]},{"colour":"green","number":4,"time":[2014,5,2,16,24,34]},{"colour":"amber","number":5,"time":[2014,5,2,16,25,22]},{"colour":"amber","number":6,"time":[2014,5,2,16,25,47]},{"colour":"amber","number":7,"time":[2014,5,2,16,26,3]},{"colour":"amber","number":8,"time":[2014,5,2,16,26,51]},{"colour":"green","number":9,"time":[2014,5,2,16,28,33]},{"colour":"green","number":10,"time":[2014,5,2,16,29,3]},{"colour":"green","number":11,"time":[2014,5,2,16,30,29]},{"colour":"green","number":12,"time":[2014,5,2,16,31,1]},{"colour":"amber","number":13,"time":[2014,5,2,16,31,19]},{"colour":"green","number":14,"time":[2014,5,2,16,31,50]},{"colour":"green","number":15,"time":[2014,5,2,16,33,26]},{"colour":"amber","number":16,"time":[2014,5,2,16,34,16]},{"colour":"amber","number":17,"time":[2014,5,2,16,34,27]},{"colour":"green","number":18,"time":[2014,5,2,16,35,34]},{"colour":"amber","number":19,"time":[2014,5,2,16,37,56]},{"colour":"green","number":20,"time":[2014,5,2,16,38,21]},{"colour":"green","number":21,"time":[2014,5,2,16,38,48]},{"colour":"amber","number":22,"time":[2014,5,2,16,48,35]},{"colour":"amber","number":23,"time":[2014,5,2,16,48,56]},{"colour":"green","number":24,"time":[2014,5,2,16,49,51]},{"colour":"green","number":25,"time":[2014,5,2,16,50,24]},{"colour":"green","number":26,"time":[2014,5,2,16,51,34]},{"colour":"green","number":27,"time":[2014,5,2,16,55,15]},{"colour":"amber","number":28,"time":[2014,5,5,15,3,51]},{"colour":"amber","number":29,"time":[2014,5,5,15,4,1]},{"colour":"green","number":30,"time":[2014,5,5,15,4,59]},{"colour":"green","number":31,"time":[2014,5,5,15,9,20]}]