[{"colour":"red","time":[2014,2,24,7,54,38],"number":1},{"colour":"green","time":[2014,2,24,7,56,7],"number":2},{"colour":"green","time":[2014,2,24,7,57,36],"number":3},{"colour":"amber","time":[2014,2,24,7,58,31],"number":4},{"colour":"green","time":[2014,2,24,7,59,32],"number":5},{"colour":"red","time":[2014,2,24,8,0,17],"number":6},{"colour":"green","time":[2014,2,24,8,1,6],"number":7},{"colour":"red","time":[2014,2,24,8,1,47],"number":8},{"colour":"green","time":[2014,2,24,8,3,4],"number":9},{"colour":"red","time":[2014,2,24,8,3,39],"number":10},{"colour":"green","time":[2014,2,24,8,4,5],"number":11},{"colour":"green","time":[2014,2,24,8,8,15],"number":12},{"colour":"amber","time":[2014,2,24,8,8,52],"number":13},{"colour":"green","time":[2014,2,24,8,9,2],"number":14},{"colour":"amber","time":[2014,2,24,8,14,2],"number":15},{"colour":"green","time":[2014,2,24,8,14,25],"number":16},{"colour":"red","time":[2014,2,24,8,14,44],"number":17},{"colour":"green","time":[2014,2,24,8,14,58],"number":18},{"colour":"red","time":[2014,2,24,8,17,21],"number":19},{"colour":"red","time":[2014,2,24,8,17,40],"number":20},{"colour":"red","time":[2014,2,24,8,18,1],"number":21},{"colour":"green","time":[2014,2,24,8,18,30],"number":22},{"colour":"red","time":[2014,2,24,8,36,42],"number":23},{"colour":"red","time":[2014,2,24,8,36,50],"number":24},{"colour":"green","time":[2014,2,24,8,37,7],"number":25}]