[{"colour":"red","time":[2014,1,3,21,43,40],"number":1},{"colour":"amber","time":[2014,1,3,22,12,26],"number":2},{"colour":"amber","time":[2014,1,3,22,12,59],"number":3},{"colour":"amber","time":[2014,1,3,22,14,29],"number":4},{"colour":"amber","time":[2014,1,3,22,15,46],"number":5},{"colour":"red","time":[2014,1,3,22,16,16],"number":6},{"colour":"red","time":[2014,1,3,22,17,16],"number":7},{"colour":"red","time":[2014,1,3,22,20,40],"number":8},{"colour":"green","time":[2014,1,3,22,21,25],"number":9},{"colour":"green","time":[2014,1,3,22,21,56],"number":10},{"colour":"red","time":[2014,1,3,22,23,18],"number":11},{"colour":"green","time":[2014,1,3,22,23,51],"number":12},{"colour":"green","time":[2014,1,3,22,30,57],"number":13},{"colour":"amber","time":[2014,1,3,22,38,15],"number":14},{"colour":"amber","time":[2014,1,3,22,40,50],"number":15},{"colour":"green","time":[2014,1,3,22,44,32],"number":16},{"colour":"red","time":[2014,1,3,22,50,45],"number":17},{"colour":"green","time":[2014,1,3,22,52,58],"number":18}]