[{"colour":"red","number":1,"time":[2014,5,2,16,30,46]},{"colour":"amber","number":2,"time":[2014,5,2,16,38,14]},{"colour":"amber","number":3,"time":[2014,5,2,16,38,28]},{"colour":"green","number":4,"time":[2014,5,2,16,38,44]},{"colour":"green","number":5,"time":[2014,5,2,16,40,5]},{"colour":"amber","number":6,"time":[2014,5,2,16,44,34]},{"colour":"amber","number":7,"time":[2014,5,2,16,45,11]},{"colour":"amber","number":8,"time":[2014,5,2,16,45,27]},{"colour":"amber","number":9,"time":[2014,5,2,16,46,11]},{"colour":"amber","number":10,"time":[2014,5,2,16,46,20]},{"colour":"amber","number":11,"time":[2014,5,2,16,48,32]},{"colour":"green","number":12,"time":[2014,5,2,16,48,47]},{"colour":"green","number":13,"time":[2014,5,2,16,49,46]},{"colour":"amber","number":14,"time":[2014,5,2,16,52,10]},{"colour":"green","number":15,"time":[2014,5,2,16,52,21]},{"colour":"green","number":16,"time":[2014,5,2,16,52,56]},{"colour":"green","number":17,"time":[2014,5,2,16,53,24]},{"colour":"red","number":18,"time":[2014,5,2,16,54,12]},{"colour":"green","number":19,"time":[2014,5,2,16,54,46]},{"colour":"amber","number":20,"time":[2014,5,2,16,55,53]},{"colour":"green","number":21,"time":[2014,5,2,16,56,10]}]