[{"colour":"green","revert_tag":null,"time":[2013,7,15,15,29,43],"number":1},{"colour":"green","revert_tag":null,"time":[2013,7,15,15,30,0],"number":2},{"colour":"green","revert_tag":null,"time":[2013,7,15,15,34,11],"number":3},{"colour":"green","revert_tag":null,"time":[2013,7,15,15,34,51],"number":4},{"colour":"green","revert_tag":null,"time":[2013,7,15,15,35,1],"number":5},{"colour":"red","revert_tag":null,"time":[2013,7,15,15,37,44],"number":6},{"colour":"green","revert_tag":null,"time":[2013,7,15,15,42,46],"number":7},{"colour":"green","revert_tag":null,"time":[2013,7,15,15,43,10],"number":8},{"colour":"green","revert_tag":null,"time":[2013,7,15,15,43,21],"number":9},{"colour":"amber","revert_tag":null,"time":[2013,7,15,15,44,3],"number":10},{"colour":"amber","revert_tag":null,"time":[2013,7,15,23,33,41],"number":11},{"colour":"amber","revert_tag":null,"time":[2013,7,15,23,35,7],"number":12},{"colour":"amber","revert_tag":null,"time":[2013,7,15,23,39,42],"number":13}]