[{"colour":"red","number":1,"time":[2014,6,3,11,0,39]},{"colour":"green","number":2,"time":[2014,6,3,11,1,28]},{"colour":"green","number":3,"time":[2014,6,3,11,2,15]},{"colour":"green","number":4,"time":[2014,6,3,11,2,30]},{"colour":"green","number":5,"time":[2014,6,3,11,3,8]},{"colour":"red","number":6,"time":[2014,6,3,11,6,34]},{"colour":"red","number":7,"time":[2014,6,3,11,6,49]},{"colour":"amber","number":8,"time":[2014,6,3,11,7,17]},{"colour":"red","number":9,"time":[2014,6,3,11,7,27]},{"colour":"red","number":10,"time":[2014,6,3,11,9,9]},{"colour":"red","number":11,"time":[2014,6,3,11,10,21]},{"colour":"amber","number":12,"time":[2014,6,3,11,11,13]},{"colour":"amber","number":13,"time":[2014,6,3,11,11,25]},{"colour":"red","number":14,"time":[2014,6,3,11,11,42]},{"colour":"red","number":15,"time":[2014,6,3,11,12,34]},{"colour":"green","number":16,"time":[2014,6,3,11,12,52]},{"colour":"green","number":17,"time":[2014,6,3,11,13,24]},{"colour":"green","number":18,"time":[2014,6,3,11,13,42]},{"colour":"red","number":19,"time":[2014,6,3,11,13,56]},{"colour":"amber","number":20,"time":[2014,6,3,11,14,52]},{"colour":"amber","number":21,"time":[2014,6,3,11,15,4]},{"colour":"amber","number":22,"time":[2014,6,3,11,15,39]},{"colour":"amber","number":23,"time":[2014,6,3,11,15,49]},{"colour":"red","number":24,"time":[2014,6,3,11,16,11]},{"colour":"red","number":25,"time":[2014,6,3,11,16,32]},{"colour":"green","number":26,"time":[2014,6,3,11,16,47]},{"colour":"red","number":27,"time":[2014,6,3,11,18,1]},{"colour":"red","number":28,"time":[2014,6,3,11,18,14]},{"colour":"green","number":29,"time":[2014,6,3,11,18,38]},{"colour":"green","number":30,"time":[2014,6,3,11,19,4]},{"colour":"green","number":31,"time":[2014,6,3,11,19,22]},{"colour":"amber","number":32,"time":[2014,6,3,11,20,20]},{"colour":"red","number":33,"time":[2014,6,3,11,20,43]},{"colour":"amber","number":34,"time":[2014,6,3,11,22,6]},{"colour":"amber","number":35,"time":[2014,6,3,11,22,21]},{"colour":"amber","number":36,"time":[2014,6,3,11,22,56]},{"colour":"green","number":37,"time":[2014,6,3,11,28,38]},{"colour":"red","number":38,"time":[2014,6,3,11,29,29]},{"colour":"amber","number":39,"time":[2014,6,3,11,43,6]},{"colour":"red","number":40,"time":[2014,6,3,11,44,24]},{"colour":"amber","number":41,"time":[2014,6,3,11,52,15]},{"colour":"green","number":42,"time":[2014,6,3,11,52,31]},{"colour":"amber","number":43,"time":[2014,6,3,11,53,1]},{"colour":"red","number":44,"time":[2014,6,3,11,53,27]},{"colour":"red","number":45,"time":[2014,6,3,11,53,56]},{"colour":"green","number":46,"time":[2014,6,3,11,55,13]},{"colour":"green","number":47,"time":[2014,6,3,11,55,31]},{"colour":"green","number":48,"time":[2014,6,3,11,57,26]},{"colour":"green","number":49,"time":[2014,6,3,11,58,10]},{"colour":"amber","number":50,"time":[2014,6,3,11,58,27]},{"colour":"green","number":51,"time":[2014,6,3,11,58,36]},{"colour":"green","number":52,"time":[2014,6,3,11,58,59]},{"colour":"amber","number":53,"time":[2014,6,3,11,59,28]},{"colour":"red","number":54,"time":[2014,6,3,11,59,48]},{"colour":"red","number":55,"time":[2014,6,3,12,1,10]},{"colour":"amber","number":56,"time":[2014,6,3,12,10,57]},{"colour":"amber","number":57,"time":[2014,6,3,12,11,17]},{"colour":"amber","number":58,"time":[2014,6,3,12,13,44]},{"colour":"amber","number":59,"time":[2014,6,3,12,14,40]},{"colour":"amber","number":60,"time":[2014,6,3,12,15,37]},{"colour":"red","number":61,"time":[2014,6,3,12,16,0]},{"colour":"red","number":62,"time":[2014,6,3,12,16,27]},{"colour":"red","number":63,"time":[2014,6,3,12,19,8]},{"colour":"red","number":64,"time":[2014,6,3,12,41,22]},{"colour":"red","number":65,"time":[2014,6,3,12,57,4]},{"colour":"red","number":66,"time":[2014,6,3,12,58,38]},{"colour":"red","number":67,"time":[2014,6,3,12,58,56]},{"colour":"red","number":68,"time":[2014,6,3,12,59,1]},{"colour":"green","number":69,"time":[2014,6,3,12,59,18]},{"colour":"red","number":70,"time":[2014,6,3,13,33,51]},{"colour":"red","number":71,"time":[2014,6,3,13,34,29]},{"colour":"red","number":72,"time":[2014,6,3,13,34,45]},{"colour":"green","number":73,"time":[2014,6,3,13,35,18]},{"colour":"amber","number":74,"time":[2014,6,3,13,40,29]},{"colour":"red","number":75,"time":[2014,6,3,13,40,57]},{"colour":"red","number":76,"time":[2014,6,3,13,41,42]},{"colour":"red","number":77,"time":[2014,6,3,13,42,10]},{"colour":"red","number":78,"time":[2014,6,3,13,42,44]},{"colour":"red","number":79,"time":[2014,6,3,13,43,29]},{"colour":"red","number":80,"time":[2014,6,3,13,43,52]},{"colour":"red","number":81,"time":[2014,6,3,13,44,17]},{"colour":"red","number":82,"time":[2014,6,3,13,44,48]},{"colour":"green","number":83,"time":[2014,6,3,13,45,17]},{"colour":"red","number":84,"time":[2014,6,3,13,45,45]},{"colour":"red","number":85,"time":[2014,6,3,13,46,20]},{"colour":"red","number":86,"time":[2014,6,3,13,46,45]},{"colour":"red","number":87,"time":[2014,6,3,13,47,14]},{"colour":"red","number":88,"time":[2014,6,3,13,48,55]},{"colour":"red","number":89,"time":[2014,6,3,13,49,23]},{"colour":"red","number":90,"time":[2014,6,3,13,52,21]},{"colour":"red","number":91,"time":[2014,6,3,13,53,54]},{"colour":"red","number":92,"time":[2014,6,3,13,55,43]},{"colour":"red","number":93,"time":[2014,6,3,14,7,22]},{"colour":"red","number":94,"time":[2014,6,3,14,7,50]},{"colour":"green","number":95,"time":[2014,6,3,14,8,18]},{"colour":"red","number":96,"time":[2014,6,3,14,8,30]},{"colour":"amber","number":97,"time":[2014,6,3,14,10,19]},{"colour":"amber","number":98,"time":[2014,6,3,14,11,46]},{"colour":"green","number":99,"time":[2014,6,3,14,12,8]},{"colour":"green","number":100,"time":[2014,6,3,14,12,37]},{"colour":"green","number":101,"time":[2014,6,3,14,13,58]},{"colour":"green","number":102,"time":[2014,6,3,14,14,42]},{"colour":"red","number":103,"time":[2014,6,3,14,15,53]},{"colour":"green","number":104,"time":[2014,6,3,14,16,26]},{"colour":"red","number":105,"time":[2014,6,3,14,17,25]},{"colour":"amber","number":106,"time":[2014,6,3,14,22,3]},{"colour":"red","number":107,"time":[2014,6,3,14,22,28]},{"colour":"red","number":108,"time":[2014,6,3,14,23,6]},{"colour":"red","number":109,"time":[2014,6,3,14,24,50]},{"colour":"red","number":110,"time":[2014,6,3,14,25,54]},{"colour":"red","number":111,"time":[2014,6,3,14,27,2]},{"colour":"red","number":112,"time":[2014,6,3,14,27,38]},{"colour":"red","number":113,"time":[2014,6,3,14,29,23]},{"colour":"red","number":114,"time":[2014,6,3,14,29,48]},{"colour":"green","number":115,"time":[2014,6,3,14,30,2]},{"colour":"amber","number":116,"time":[2014,6,3,14,30,52]},{"colour":"red","number":117,"time":[2014,6,3,14,31,8]},{"colour":"red","number":118,"time":[2014,6,3,14,31,18]},{"colour":"amber","number":119,"time":[2014,6,3,14,32,41]},{"colour":"red","number":120,"time":[2014,6,3,14,33,2]},{"colour":"red","number":121,"time":[2014,6,3,14,33,44]},{"colour":"green","number":122,"time":[2014,6,3,14,34,40]},{"colour":"green","number":123,"time":[2014,6,3,14,35,10]},{"colour":"green","number":124,"time":[2014,6,3,14,35,55]},{"colour":"green","number":125,"time":[2014,6,3,14,36,20]},{"colour":"red","number":126,"time":[2014,6,3,14,37,47]},{"colour":"red","number":127,"time":[2014,6,3,14,42,3]},{"colour":"red","number":128,"time":[2014,6,3,14,46,17]}]