[{"colour":"red","time":[2014,7,15,10,11,32],"number":1},{"colour":"amber","time":[2014,7,15,10,18,3],"number":2},{"colour":"amber","time":[2014,7,15,10,19,18],"number":3},{"colour":"amber","time":[2014,7,15,10,20,58],"number":4},{"colour":"amber","time":[2014,7,15,10,21,9],"number":5},{"colour":"amber","time":[2014,7,15,10,24,50],"number":6},{"colour":"amber","time":[2014,7,15,10,25,43],"number":7},{"colour":"green","time":[2014,7,15,10,27,11],"number":8},{"colour":"green","time":[2014,7,15,10,28,23],"number":9},{"colour":"green","time":[2014,7,15,10,30,28],"number":10},{"colour":"amber","time":[2014,7,15,10,33,40],"number":11},{"colour":"red","time":[2014,7,15,10,34,14],"number":12},{"colour":"red","time":[2014,7,15,10,34,54],"number":13},{"colour":"green","time":[2014,7,15,10,35,28],"number":14},{"colour":"green","time":[2014,7,15,10,37,37],"number":15},{"colour":"red","time":[2014,7,15,10,56,21],"number":16},{"colour":"green","time":[2014,7,15,10,56,47],"number":17}]